user-id, lexeme_id, review time (in days)
u:grpA, 2b97dce464f0a69324ffd2955a7eff1f, 6.025024274250467
u:iJnK, 0e9f09196d4abc6a5ae82dd6d8772c95, 8.880972949701206
u:gOYJ, 49be13e31443271f28a234ace28cb91c, 3.249004951646222
u:hQPg, 64abda7edc42c9774a57d91720ad0f4e, 2.8883016804071486
u:iUy0, 990c89aba5f77297866df927cafc1a1d, 
u:h0i-, b345a1955c1d133f1ec77c943aff6009, 6.444416482251793
u:iL6L, ab5609e6c607e5642664fed06ffa0713, 1.6806791260270213
u:ixW2, bc4cfc44f8c83e308f291d83b95a5771, 2.839412276576213
u:hHa_, 58dc623cb7357e51b20768411843bde1, 3.2127145042883005
u:i6Lr, ba0a3f9e43bfc46291ffe54c4ff1aa99, 2.523386508735694
u:iyFH, 0146e7216d02bba1a08e6a23e4e744a9, 2.9226394854168554
u:hIuR, 1bacf218eaaf9f944e525f7be9b31899, 5.417891266770971
u:iQID, a52bc2771bde31d4d5e80bd29f350714, 3.5286231114488578
u:hUrb, d6284db28e478d575d8cc24ab1652feb, 1.074937033149439
u:ik7v, 65e39bd07057893f74d8db10b367f7aa, 2.6241565181303934
u:iP5d, bfa2713c4f93d7341626fd88601d008b, 2.0552406227383795
u:hu1J, d3619a3e50c3b522703d66166855d3bf, 3.499143537635155
u:iE8X, 0ed4e535d399f10f462b2f1e51b97d3f, 2.5960149248358593
u:gSxn, 88128dcea3ea4913d99b389a6be9f2c2, 5.092675391432094
u:ii8w, 55f383178cf0fdc463ef1ebf91bd288d, 5.411188638935605
u:eC0W, 842bf8157c0a8dad3262d43a13c8f089, 3.3652579564357636
u:fAOt, 31816c32dd8fdedbaa18851d825f5482, 9.175801254930576
u:ixEm, e742bc8240d2a9d1e44a1f5d52684239, 0.34000267979583226
u:iX9j, 1bacf218eaaf9f944e525f7be9b31899, 1.7933939164354338
u:iNp9, baa2d2366f5bb5b8e0ea7571c4af710b, 
u:eW8R, ad1ce3b238b7286adba60b1da4041594, 3.450902410083592
u:i-TH, a96439c6627d7b2447435b1a5f32eade, 1.835619744909911
u:iHwc, b788f6341ae71b9e2b8132609644b175, 3.26468190049355
u:iRRS, e23a75193507ed70051a82f39fb7abf1, 4.24844464027486
u:idfe, 61c2f4dd9c024c9d99910ba2b04590b1, 2.465885320657229
u:gg4J, 14bcb8f93e4a16b09fcc2a4f90072b22, 2.364659640420275
u:ipwH, 768f410a8fc1caa64ee36071082a231c, 
u:goP0, 3629ee563c2d56a4869e100a38014108, 4.615034354936301
u:h0y-, 142ad0f32d08728de0f9955df5b83f32, 4.846132617714219
u:bxW0, d42adb3343d855fa2a1e94295a90c6dd, 2.461834093804408
u:i6hL, 5b714a6b291731d4b753c6372cde357a, 2.0960578830386805
u:eO5R, 2b02940d1611b62e715e325c2ff4bad5, 4.575125196325983
u:fcAR, 94256143c28ad9010ded87d4ce69a9bd, 4.583839255770209
u:hgDb, 2627b8b437f653e9d83ecca78276326e, 8.305460132865068
u:iK4s, faa6fd18132b358958e440322ee82b4b, 3.0932287279123236
u:hAy2, 636b31a6256d1f7dadfd08eac27090d2, 7.8152949635201185
u:hXeZ, 9e1f56b08922d1d9f7ab663b58d88367, 4.707744693551961
u:i4_B, c52ab45d4e22ee7580041911159e3c0c, 0.925550587113818
u:ie-f, 1f4bb36e5aa8231dc04d772d8f4dc839, 1.6007966999439525
u:gsvR, 4f5b0cd71bfa77c08eb61bb64522c8b4, 7.473092503106391
u:-fk, 56d40fb7b9c3644375aad62b1c725f2c, 
u:i5xp, e0aa39569dc04dde716999653ed53a0e, 0.7281071024788944
u:emc8, d27abb5cd2b7d25b51efe43da533b5a6, 1.231423455933708
u:doPg, 335fe9380e553c323369a8509bcc00f6, 6.4870417640134095
u:fQ5J, cc996312cd47e305f8b9058d3afc958c, 3.3548987667167838
u:f5LD, a5acd980d17d726d1c99e7b974d3f52d, 1.5348233592745713
u:imGC, 099dfb07f4ace185b82838c1fb5781ff, 
u:gX7g, 058bbe59ae8750949ec25588ef89fa7f, 8.521305148842325
u:hJl9, 61a7dbfa4d7f9539fca3b141feb55957, 1.3891651525926165
u:hNmL, 65e5296142d056fd1403e95fb027f107, 4.292938782987398
u:hVZ8, 51fb73a04c05d6b9cc036aafd897a0ec, 3.712762315760071
u:XNQ, 5f1915e50d225aab53dde5e128e5bfb6, 1.218230443687936
u:ixnW, d3655c4c158db4993a9ae4f199d95c5e, 1.8456526026489817
u:hY_v, 97e922f780d628eac638bea7a02bf496, 6.404605819456124
u:fJtQ, bb7ca1ff45b2ac26c875c4e764b48935, 1.5622380732776755
u:fTrW, b1d3c09c2fbf94a1bfa279ea186b9a12, 8.696738151507226
u:cAUR, 8b6401409f89715543edb1e0c707c162, 4.172211082661619
u:h0ZV, 2ab9354ca457363cf576534b0193c2a0, 3.0934582300277444
u:i5F1, 547bb1812414cec172b0afef5ca93fce, 5.779630998448792
u:ic8C, 3c63da7f7a370e92def18891252d8efe, 1.8991026080786224
u:hyiH, 2ca57053774396953fc2c5d4bdaa2205, 2.1825657606656783
u:iWBT, 9443f902cdcf9f4da3b5f58d3f657efe, 3.0511522053246276
u:iuFX, b8b55f8044c9109cc9c06da459568e7c, 5.982008359307482
u:ikhn, 2142fe44da374d16f41e73c393d23c79, 2.687053469814112
u:hYdO, 1f4bb36e5aa8231dc04d772d8f4dc839, 1.4806835826749616
u:iVTU, 142ad0f32d08728de0f9955df5b83f32, 6.761625321198192
u:eEKc, f0018f1d6164d3c67265ca716588f7cb, 3.4384566240015655
u:iwo2, e7664931db39d9be2d8f6ecd2c0e004e, 5.221525366825795
u:iHYt, fe1bb609fdb6337a3524f43bad7c7468, 0.4105374751810059
u:hYKH, b493941dee612f9cb734318c210ab257, 4.721324585097309
u:ha4d, e83432c98b3619a933438e9300467491, 2.075136386442296
u:gOYJ, b7a3752c84bc77954e67534210f28e99, 1.9415157370777245
u:ihwj, 827a8ecb89f9b59ac5c29b620a5d3ed6, 
u:KY_, 0bf514fe950f664559f637bd6bf25c27, 3.2034432487414177
u:gLzF, d6e1fec0bdd8524c85b360010522b7ed, 1.001164703067316
u:hUBn, d0e80d740c4f2d0653951e65952c19d1, 1.9668523487709446
u:ivAm, e3f7a4495f1d47fbca713a5a70dbd8e9, 3.3988994599449462
u:hHOQ, e5f2357532c98ffe4d56cd17b08fbb02, 4.853808438783471
u:hbuh, 486d50260e6bed768670e38a4804e6d3, 2.4735739847865448
u:fVGG, 65f61449087b9dbb2083da5a93210fd0, 2.230901035623252
u:hMCY, 1a58b2277c3e1f719702fa8b688f702d, 2.852187306320714
u:hfhW, 9ce1fe6a87fc1751c12e1c36874f49b8, 3.1914703589683047
u:dy9Q, 768f410a8fc1caa64ee36071082a231c, 
u:jbc3, 389d16a7713404bf18de999b57a54eae, 1.1263980388288495
u:fSep, 61c2f4dd9c024c9d99910ba2b04590b1, 3.6533624260194255
u:l7X, e15f13f230d129ce73b482d92222ae79, 0.48114458980479474
u:hsHB, a6887fac2c3601b50b3e462a45cc776e, 4.222561633471148
u:h-7K, ab94aae2b451eece63b55c712145ad61, 2.2935911193370884
u:f628, 7b2e60314cad24be935a55062cb7f65e, 7.718046652103866
u:hYvD, b3240d21fd450022647d50a64c18cace, 4.562606768304851
u:iPEk, 92545dc760008a4cdb29e841e6121952, 2.0753432789323987
u:fqcS, 51fb73a04c05d6b9cc036aafd897a0ec, 2.025506678670235
u:hxsj, e16c578226476ae646530b6356f9b0ad, 1.0568938318566996
u:hJWQ, cd6d617c7071b0bb4b0863ab14ff6d80, 2.6117233505213218
u:h57s, 698a096a49f8a164caa5dcbfad271fd8, 4.478644105544837
u:iPvv, 2426304db5c90727ddc772ceaf7aa4d8, 3.643147365958769
u:fThd, fae183cfa6a19d79e500f55f55775e68, 5.858849780444181
u:dyE3, 88865d60bba3719fc0ef85c0c839fc64, 3.427934828919304
u:i234, 7a271d40b9230ab5e12de433c00506fa, 4.324377067233772
u:jb_n, 390ca9c2868c14c5616c460e4f31762c, 2.1477258453628063
u:iZdI, 4394441ba69a3c608cfb446795ad2655, 0.8637600407408972
u:ivHY, 4ad91daf2782488b52b80fd4f2288c51, 1.5486751227439561
u:hwz0, 0ed4e535d399f10f462b2f1e51b97d3f, 3.008210918592829
u:hRhT, 5553a0dd1adb8ab01dcff49a7a2190e0, 4.9713404825329235
u:hDM4, 777af91e5fa39ec1ae6ce2b5570185d9, 4.121115432859282
u:foV9, 678bfa5d0ccd050c12395a792abaff12, 1.5139688885028515
u:iVP, 89572d2ea236692120e191282b17695c, 5.393458821070174
u:iCa8, 5cd2980e6883c8c03e38cfd7405a681b, 1.896929017494438
u:hIOZ, 0cbf09b9f0d3767395f1b68918b95c65, 2.1314000422179507
u:iMJJ, 099dfb07f4ace185b82838c1fb5781ff, 2.814507688633442
u:giZh, 8ee8a4e20c47cc9487d0421d1997b384, 1.0600698358783682
u:favy, 0146e7216d02bba1a08e6a23e4e744a9, 0.5247606787068874
u:fv07, ee9aede3dfe2bb51b154ca6a975b7c37, 0.6257872156004357
u:ghWi, 743c58c5dd541b6bd8466547f730466d, 3.518432095416876
u:iKFT, 4facfa4eff94ff8fe71e46ee538be561, 5.677049321661526
u:d9w2, 46341b7c7585f24c7f59ddfd73e02fa9, 4.0386955850456285
u:izjc, ec3bf0aff1f9c75a64d44ac1f13289f0, 1.713837140781949
u:i9Rf, 08dfcd4e6c86bb047be6dc84e77ed664, 3.93274840330389
u:iHUn, 65e39bd07057893f74d8db10b367f7aa, 5.0429039791202595
u:d8Bv, 572f3ff64f665273a18f47157cdf155a, 
u:ieXD, 1560febf08aabe8ae17dd64bb2838142, 3.043795915395902
u:idO8, af14b4e16acb4132ed19d8254d2bc59b, 1.3130537785534575
u:exsS, 80fa96d931f22e78c4a1dd78eff7c9ed, 1.7766435082838823
u:hcMc, 97e922f780d628eac638bea7a02bf496, 4.653004988644287
u:hlQH, fe1bb609fdb6337a3524f43bad7c7468, 1.767525464527195
u:g8yi, 5e29d77697d23070a1fb92eb6c90e9b6, 1.8962345524743451
u:hh1g, 165dc4d4b42c9d825cb913541fdd09a7, 1.7761736507168673
u:ilQC, efc2c65bd3a2ab7e0e2d4db65e290699, 7.549705379063154
u:dhgb, a617ed646a251e339738ce62b84e61ce, 7.648292181078608
u:iK7A, 25dcc7b3420a56110835a165f02513c9, 2.2321571253215247
u:hFqk, fc1b93172eef30156a0b8c388c72571c, 4.950494297458927
u:ifSz, 0cbf09b9f0d3767395f1b68918b95c65, 8.469563725626518
u:bJje, fec119369ceb49cb5b6d72a58c3e770e, 4.712336207149551
u:coUf, 5c1f70dd4ac671161963d4adbd17d725, 
u:g1Y4, 4cf7cc58a60045f4396136f6368d8d41, 5.897686339312919
u:h-dX, b75adbbe28bc61ff5bbeb6908e65d85d, 7.80606805449303
u:hAls, 3924f6a9c93fd8247ba3af6cdad8df98, 4.224528891849605
u:fFed, 0a27664dca412ad3c185ae7efc8b97a0, 6.732981852757112
u:c0V7, 96ed34b4722d866997d35cc228e04d49, 4.9166230050371995
u:gpnC, a617ed646a251e339738ce62b84e61ce, 1.2273565199358125
u:gmQn, 59802924354797797d645bb352dd916b, 4.058460069970894
u:hq_K, c84476c460737d9fb905dca3d35ec995, 1.1338497125949785
u:dtIG, 715176b2531f23894fa17069ca039496, 2.7933019236644436
u:hBrR, f00cd5d54171096208a6a1e13ab02ab9, 3.3263162621489957
u:i6I3, 74b2ac77cf1b5c548dee1241dd3667b9, 0.5538555401152527
u:iphb, f9fb279a9bd8900d84965a3296c4f746, 2.6200266721362278
u:iyov, b463895af72578dcff1d4ea2bb9eda76, 0.3998886819196827
u:-b, edce7ffcd6231f9e0457c7681fc8dfed, 7.528616748346234
u:iqrR, 7c332db2f5d81f34ff8cfeaccfcc6d8a, 6.864633279219142
u:hyyK, 608ad881489ab4fa4117a91ebd83d502, 2.3880857691162705
u:h061, caaea1433a04b31cbb4fd926ca77ad02, 4.78136773812925
u:fziW, dc1e5b7d01d76c0719ee823c6b9c5b1f, 5.091536879887139
u:ikz5, 598a41cd84310715e45b6192564592a1, 6.485564417758879
u:iHWn, 8f1dc808b41b08007d5e66978fd78a4d, 3.1248957725207562
u:hdYR, 100164559946674138e97c1e3830ccf4, 0.7747047175331261
u:iJos, 1bb8aab6f857201d04364f1239756111, 1.0323037309920875
u:iXAY, 0b1edc026029c010555cfc22f54ee25f, 3.7531294447630126
u:hWbw, ab94aae2b451eece63b55c712145ad61, 2.307407406860103
u:fpnv, b941c4ff55c8affcf4aebffd45c759c0, 1.4345489961493547
u:iE--, 7dd6b30fc37ca73482a4d629bd93dac0, 4.312478152725009
u:h2yA, 17231b4c24a46d2f7eb59cbc7ea01afd, 1.8243307721011588
u:hReY, e7e47c0b4857fed35b942459f2028006, 8.573090729160914
u:ihAU, 55a185fa7ff711effa4b6d9dd2c44cf1, 3.616529499890825
u:iPS9, c9aba1059fc7d85806a21bf21745b817, 5.691592456813064
u:h_nR, 0a7ad985b6b19b5cfb4723f207220a3d, 5.271877924693452
u:iij4, ca886bc339ea78c58abea6250665ad49, 0.8453227111484092
u:ii5O, f0f2727a8c1b436349fa2f07bc698945, 1.805145480518489
u:eY8y, 6897ada43d02c03eac85f1742c156402, 4.274850346226561
u:ja3S, c52914f9db4d342553bbdc248e2c6f87, 1.7004413581993874
u:h6em, f9d3186a3a829083942aa09a75d1aae6, 1.9156862856466859
u:hjbU, f423850a19d3a8b7f7c206c2a9dfa733, 2.943316863271624
u:imwc, 46cd21495035f225d4fe8fc8552badc0, 1.4058017957613844
u:iwoI, 5aa51924d40dbbb404d78bcfd3224157, 5.095915680195772
u:cwkz, ec2421cd46a8a5886683b084aa8e2c5d, 3.433760804028011
u:hLcP, c52914f9db4d342553bbdc248e2c6f87, 5.170729884819226
u:i4U9, 07605081e461f8cc70d0e27a91d1ba37, 8.493883425638725
u:iQGx, 90ac0b7f2a604a00fb4666f2bd134c8e, 0.1707592602367582
u:htr5, 97e922f780d628eac638bea7a02bf496, 2.8613974303231835
u:h5nI, f0f2727a8c1b436349fa2f07bc698945, 3.0031252070981145
u:fNWu, 60131921811cc603c6020e44443a5a2e, 2.115478160245347
u:iwoc, d5efc552aaea3109eb5388aa1ec8673d, 9.926036484954862
u:gOf3, 4379705a8d98bfe266ead99cfc4f52f8, 3.1676213616058346
u:bcXm, 4f6d1c5e51311ed7f0967f8d758049e7, 2.3241769974534283
u:iZ-A, 603b7cd0d4d54eee91008645adccd258, 4.005490949421453
u:hR_7, 3839b01a06ad91ec9815ec5ac3b18c8d, 2.444606654929694
u:ios9, f58ba94f5b6a07312e449a9987637f32, 
u:h3Fx, a617ed646a251e339738ce62b84e61ce, 3.935998598347505
u:jaaD, 4c998c157e95ac0978968b1de762afbc, 4.484497347747348
u:iVZD, a52bc2771bde31d4d5e80bd29f350714, 0.8840796285360686
u:i1Ks, 0db9e3b501108f13924dfacff858f7f2, 
u:dn3u, ab94aae2b451eece63b55c712145ad61, 4.923859684656369
u:i55Q, c3c416ec9a16d9ec6f7b96236c5b49e2, 0.9333418299846142
u:i2g2, 547bb1812414cec172b0afef5ca93fce, 3.5863972347700654
u:dF6z, 93bce7507d07faa46b1fbc9671ca32b6, 5.313307166657613
u:dxwi, e296b8e7737593b36ec7583275c790fe, 1.5557018670361404
u:ipr5, d94aa893b5c536f2a4664637d9bec191, 1.150190396258349
u:e4Dx, a631b8e67d1dbf4c94cc73644ddf2a56, 2.036477173261147
u:gPY3, 1db792cce1abf1095ae81b27666cb996, 1.7159799613620645
u:TRj, 8c8952fbf398f996438f9fd5a27f9d38, 4.572149914926889
u:ixkU, af9481e863fdda9560e1d5020b9cd9a0, 3.2252606699708464
u:gQjj, 91bd999e79fc6416be92695d01ed1c13, 2.581686141414435
u:iE--, c3c416ec9a16d9ec6f7b96236c5b49e2, 0.19563260566868151
u:djyz, 8ebdad2c57855e0e650745d06d9ed7bf, 7.495512767401642
u:gHva, f04ae4d92d378e4436b0667d771e28ea, 4.282280260137845
u:jaV_, d3619a3e50c3b522703d66166855d3bf, 4.22682957869595
u:hPai, 08b5bfeef548a7f46065768ba926e325, 2.298066560141899
u:g5z, 69cf4ad372fd80e76dc9deb52b092d3f, 5.232536671232445
u:iv2v, fe72c841a54b9112e60870182236e00e, 0.4819538046147517
u:gD3g, 4e2d55b6054492c18e7c6090bf577d6d, 4.31887589086815
u:bJxm, 943ed849b37dd6f8a773ef29456e4211, 
u:bBVC, 4578d28172004742ef5c674639f58588, 0.7237077793312112
u:r1m, c9fb923e49d5cba24b5afb9ee1cff2a9, 2.2805153926237782
u:BLI, 955c040cc84408f9e687f99d4778b03b, 1.4638436818982685
u:if3l, 142ad0f32d08728de0f9955df5b83f32, 5.285494865140196
u:iw_D, 54ed4cf41cbbae2ce97ddda174b5be84, 5.338718066204419
u:h0bJ, bc132fa899e138377a3d89eb3125a2f1, 1.3096509622243497
u:e4aA, 297853cd5696e6152fccd24fefdd6c66, 5.259572038925839
u:en9-, 7070ddd564fccd8da0362941b8a647b8, 5.079456080083652
u:iL5t, f3996a785b8d9fe04c44850c79a0a337, 1.6716670990300466
u:irAa, 7a4e0c5345547c6e790a33b66ed3b820, 1.2563552726027805
u:iIKc, 65675f993b9cdc38918837f561a70625, 4.901411928157149
u:iaUm, 7f79fc712e91f1e703bb5f805ab74e8a, 3.7635557807818847
u:hXd8, dd56956e9585f9534d2fe8fe2a7e3ebf, 3.3856178403548016
u:eAtE, c43c45c53082813dbdfa63971432f29c, 4.59368452345034
u:in7L, d2d78ae80ee5cb844a0bfd9ea1bb4a81, 1.7352081912501616
u:h4HZ, f21d1bce33d8064e4aaabd6b28f5c1fa, 6.271548799635726
u:cZG6, 827a8ecb89f9b59ac5c29b620a5d3ed6, 
u:h2J4, 087d9d0736df444d7ef826a313b613da, 6.809361070982236
u:ik0d, 0d7ce5a7bec9bfe876a8042abe8a2f7d, 1.0866746013152264
u:iR7G, 6debf33c91876b19aa26095423ad0e3e, 1.349392544270494
u:Poi, bd3599b1b4cc5623de51eba09bad546e, 3.3283017998883686
u:i2q1, 928787744a962cd4ec55c1b22cedc913, 
u:ilpQ, 6aff2ce97fb9554500fc1a7a28e02a13, 3.2208669545188413
u:iF4i, 605a1c36da2cf22706eaad95b0b7eeee, 4.309850147770904
u:hMyD, d50ab9ef5ef30559a83e80b8568d2933, 0.9913164011193655
u:hNk0, 50629ad6c891b5b3f258b2fdb0e3cf82, 3.486784791477746
u:is2V, b838f789252678299b0413df4b3d0ad9, 1.7586488715905741
u:gllL, 1e1f8d730c4ba99ad2873a7608324cf6, 1.3473629032475183
u:EPf, 7ae9420152203b89a2fcffa91546647b, 0.8215185393248047
u:hqHw, 420b35b7670f247d452ae0a628e60b45, 0.821227697037967
u:flTW, 8bd6d060bb604e17c936418f835d87c8, 
u:iAV4, 62a992ac2a5f346b5796b3f14732130e, 3.899211738048368
u:iLGp, b1a71481e27138dc37501f2cbde775fc, 1.542911186059185
u:iMhB, e35dd18fb95a8b59046eec582942fa64, 2.329278246314261
u:hMmC, af88719c719b5cd59fe4272f9ab38966, 6.3701989221995925
u:h8df, fe794f0c148aaa470c272ffd0a9bdc1a, 1.4496384976141918
u:ifyN, 577853bea646e596a8bd041fb781718a, 6.792861431551697
u:je5T, b1b2b2203009f082a1cf172e42fa65a3, 0.4950441151800592
u:iTtL, d0705eafec00822b93bf9cc9a9189bba, 3.4827129793655707
u:bsHa, 7dfd7086f3671685e2cf1c1da72796d7, 
u:hoLl, 1ef8584238711d338df3a962b045cec7, 4.269877232283879
u:gws, b35477755771250571cbda7c38221628, 3.8192305176860164
u:fUR6, dbed1e3aaf8703ccdf83c1afd2abdd37, 7.520816382409665
u:gxXY, dfc953d62306359e46f8fe77fe4fa6c8, 4.849195933297789
u:h1_w, 6cce0be3f8da3755e423bfcae7cfefc1, 3.5429821824277674
u:bXkA, a58c618617e9d8a574e44ea5f24f738d, 1.3129074137721155
u:gq0f, 9de5d8b1e1c934f0eb4a43e22c916143, 3.65584915903456
u:hpVZ, 192059cfe22cedd84cd400a9b1b47171, 4.474390440509028
u:fPvN, b011cfb5fe75c6c239cac9a4d9c3949f, 8.95629919812102
u:dfsa, 2179fd8c281cec0879b28ef81510bf9d, 1.6184857633704237
u:iO-t, 0cbf09b9f0d3767395f1b68918b95c65, 3.984317378819708
u:ipYp, 2b28e6b398b36d4f7f6ef0b7da31fd5c, 5.439116333169456
u:hYzr, bde4e8d34615f749c75fefdbd0226881, 7.235327441048501
u:jdKK, ddab585bb4af1b7e2636827363cd619e, 1.8769217089494163
u:inuJ, c032182c0ffb744c963ec83c937a26f4, 0.7130577515257104
u:iwEa, d0e80d740c4f2d0653951e65952c19d1, 1.8484939287298092
u:hlEw, efc6cd9e60a5a997c906ecad64813b1d, 6.436804890890949
u:hutF, 5b5e596558196de3e4fc1796ee5d47a6, 1.4666485391779331
u:M5X, 5fbb4578c6e08d3122b2321720d682d7, 1.9446202543157218
u:d4OR, 4adf5cd40d521b02a9cc241bf3adc6bb, 2.2129006645690454
u:g9YP, a11a7c418b1f2afd941e7d00ec52a461, 1.1702710002395926
u:imgr, cf27a39ca3fcc861581ba158307d9b1a, 2.270192011038097
u:d26t, 678bfa5d0ccd050c12395a792abaff12, 5.522472418916376
u:ikja, a6d1be753de87a9ad446c29d4dc217b5, 1.8959808064321435
u:gHCc, 577853bea646e596a8bd041fb781718a, 7.729682902267271
u:iGfD, ef40e640cc9599341392b66d6b890c27, 1.9794906118404867
u:ie4s, 8e2f03617a85d97f126dfb2293e7a368, 3.008310590802716
u:hBWF, eee8ec127c1ba6f4751097e40977b587, 2.0225264023997216
u:gX82, 97e922f780d628eac638bea7a02bf496, 7.969628752974881
u:iTdT, a52bc2771bde31d4d5e80bd29f350714, 0.9533388850196801
u:do2K, 9dbabaec86b4bd526c19d768ec0caf38, 1.1479284908967329
u:h8iN, 7763a12338d58f83841580561e4c1ca2, 4.711245527189237
u:f_h6, b573a2ebb834b1346202143003738756, 7.026950498080306
u:gTol, 4310561cd354b6cad1569d35856823f0, 
u:hZ6a, b85dad780881cd3228297b78258a96bf, 3.532598437255863
u:hqQQ, 476c6bf35d806e777f36041baf01df38, 3.613280514986785
u:eEgg, 958e352cb64f78feed5afb5b95657dbe, 0.7589363362669612
u:bW2J, 9cbe4ff448a888bb327e212e6bb89b72, 1.8073807729617863
u:e27y, f3dab7cfcca078d46049e95802ea97fe, 6.574963975330576
u:hIYf, 7f15cb95be8b837c7bf1808406ae133a, 3.769121979911797
u:iV5c, 1a48463fb06455fe377001d22ca36364, 2.610137685429414
u:hN9-, 86584daef5933b284384453795bbf0ed, 3.407848688238251
u:hR6G, fea199274abbc1c7354996f16f1525d5, 1.8780260397015818
u:fqZT, f857a8c1b24263f0b007ae82c24c008d, 2.030408083653908
u:ibU0, a6d0c2d14b1f6261741d7840542f7022, 4.228262327376579
u:U6, 44208615c9076b387d27b5d510bb0a49, 6.864923491687326
u:gZZ_, 426041c35bef83b731e0fc51b8a551d1, 0.8887574664691675
u:gVb1, 48caa96ec840ecefdc2eaa911c58dbf2, 5.228743266292724
u:icWk, e1a4b73ededc4032627e418a3bb86cd0, 3.500730005848169
u:cen-, 3b6ad8feb25703b12d6049d11640d0e0, 5.193456076413983
u:hJ1Z, 35f14d06d95a34607d6abb0e52fc6d2b, 2.0318544847021824
u:gi1l, 0466f54d69e71d498a406cfd76dd2902, 3.773579668394743
u:eZrm, 8511209b77493e62188ed5a4c8bf8421, 6.709646802446419
u:iYpP, e5a09ea1bd469575ed000382d5cee176, 4.147179122652853
u:fAOt, 08ab17a23929f09a268153ddbf9827c0, 4.898036596939929
u:fB_6, fea199274abbc1c7354996f16f1525d5, 3.4001290805380524
u:hPO9, 1a913f2ded424985b9c02d0436008511, 2.2822010944315387
u:h9rr, a9d9e40ec966f6bf6a78080d8d1947ac, 1.2546640623651721
u:Vil, e9c1c486bb1cc26e726b83a7a522983b, 1.5712070861745042
u:is4p, 3c83f19c090c27193c34f5d06a899c4a, 1.7488505432083705
u:enRY, e37ea218d78b3decc66348683deed8f6, 3.1728628490340434
u:iZUL, 3ac396fd4e13c7952bafa99fcfd02d29, 3.638578090179311
u:gYT8, 5c2c879342c029c7be610695abb15bd5, 2.3634490957199104
u:bZvV, f00cd5d54171096208a6a1e13ab02ab9, 3.4182931510736863
u:dijU, 0ba76e542975db89c0290ba705f4fe9d, 
u:izg8, a96439c6627d7b2447435b1a5f32eade, 2.2727814726581994
u:g-8o, c5a5d664ac5b4440b3da8613095dd840, 1.9669651966032557
u:iZvN, 26f6b357718b150404303812a222e348, 5.092959755930677
u:gdP8, d05af64f9110a30ebb4eb77afc07649d, 6.852670547537432
u:iXj6, 460df3319771193f63a3f4bb5a5eeef6, 6.240175937944981
u:i_ah, f68f2010558742b836f8a364a4382d3f, 3.1190648356638078
u:ihAF, cff2d760888774c8011ed92d80ae3312, 3.7015168148412227
u:2R-, 00b9a8a85efcc967dedf57d9ac0082fa, 
u:bWwF, a456b06f9066277fb26d5babfc845cd5, 5.411234450471594
u:h0Lx, 17bbece268a95c1fbf901788c16f43bf, 1.4260760497727136
u:iGbU, 6c95fbf9992315caf14ca36de8fc06d1, 
u:iyWG, 524fef1786d366bf49813def1458a181, 2.0204318449966165
u:hniu, e0aa39569dc04dde716999653ed53a0e, 1.0414505144437403
u:gCQF, 6d67c94cb5df94bae1d8f5f101db72a7, 
u:ht-T, f5bc4621130722269115f852924eb136, 8.234108508354858
u:iiUo, 70273bd4e2ae4fe0a1807d462acf8edc, 4.740007990224568
u:f8vx, 00e6945d22634ee47e05c727a4d4c183, 2.188718450755478
u:gRBk, 01669d9689c5cf2ec04c58a893f02ab6, 7.361505818458207
u:h5ge, 06f82513d22cdcf817378f4da4990438, 1.3651637141361903
u:dmi5, 4aed34810465d9b4bd3d3d21244d7e4b, 
u:iubm, 8f1dc808b41b08007d5e66978fd78a4d, 7.093257446176271
u:ichc, d69a73469d92e724199aa03407b4d656, 4.690088869367978
u:ilU2, 8dce1427e92b20185ec503c7b93f24ff, 3.275076440525583
u:iNue, fcf4569c3882c32dc5f9c17114cc1841, 6.8935041105597055
u:f5LD, 025ab8349ba0caa729c4f12cb47fc3be, 1.4071784822934068
u:hr2Y, 0f0690975c20591df0c5f7f9fdfed6d9, 2.7644329343556087
u:iLpp, f8ff4fc9fac1637c7e8abecc0d2464db, 2.2378250605987455
u:hQRb, c1caf9c9173659451013b230299ae7b3, 
u:gCnq, d241cf80b2938ee47c4bc4ebfc77930d, 
u:dlC1, 86ab0bbefc02a331649c9c23f572f729, 4.519545970152078
u:iwYT, 84e18e86c58e8e61d687dfa06b3aaa36, 2.426373263875829
u:i4o6, caaea1433a04b31cbb4fd926ca77ad02, 4.440460384006888
u:gQnk, 61f0219c249a2552b2f476d0f72deb72, 9.590337292496043
u:hXXA, abd192827bd31c65511f1b1511c7f40a, 5.960962838816453
u:iH6V, f21a429c717dd93b9f5723f20d87ab8a, 3.906696133475181
u:fyEd, d70617063e4c822f77fb79ed7d355b33, 2.014810247432417
u:i_mP, 827a8ecb89f9b59ac5c29b620a5d3ed6, 
u:hyaI, 2ccf96c640650a5b0d7f07028cb4d871, 
u:d9lv, 17632879145d3e2737d11a3a5053dd50, 4.518928995571787
u:h3A3, 80765ae2a08ba6812a4ab9df607b97d2, 5.169019224670186
u:hxnt, 0d9244f805fd55af1281a1bcb1a2cba6, 3.014468355900603
u:iYa6, 5594b03119f7beb09faeab02bda34d19, 2.5658020189025113
u:bmiE, 631d297c324518ea97ac01fd2abd6e46, 0.38743626565014233
u:hguV, 7954dec7e1db52c3f3ff744944b673a5, 5.249387885925639
u:ifsb, 608ad881489ab4fa4117a91ebd83d502, 6.803803026543801
u:iUQ, 40bcc6d93c5f80a3cb4312461d7f2914, 7.779740093819053
u:iNCe, ef1f94c0e977e97bd02772867e9110f1, 2.6490592277264593
u:iGek, b968b069e4e2c04848e9f8924e34c031, 1.024053132586574
u:gzvp, fcc4527ba312832af9311118cfc7fa1e, 
u:iFWU, c3997eb2b150d2365a51e47d1c79fc21, 0.13751093011444437
u:h4T2, 59c0b5acd6bc34ced372852c86fff52b, 1.8687073748738459
u:iUaV, 75e3e0a3b4ec564501a936c4514bccbc, 
u:fIn-, 930ddde2032f793642573f03dc198c9c, 1.914689561542797
u:hlvV, 375662ec82debfdebd8215b147848cc7, 5.172135696493606
u:gJYF, ebc831d3a05751d0fbbd3495158aa038, 
u:iQzP, 6d6841b5a0ea88d87c2a7b6eee95ab48, 
u:ibLZ, ea33cb20c4bf46c0913a66e0738b2eda, 1.607849389855588
u:dn8A, 04d4159accf9effa41f46a5d98d8b281, 2.1917207034245774
u:f-Jf, cdfecc9247566d40bb964a218c54c783, 
u:h66z, ce578fc45489d1d4f843ebeff64341ec, 0.54747180683328
u:wTO, c9638fde26d91f010fed41a5438a0dca, 1.8552550743045775
u:hJXI, d3619a3e50c3b522703d66166855d3bf, 2.155311320327318
u:iROt, c7f714b305e9a17ce7596cfc62b810c5, 2.067494198034238
u:gfBV, f423850a19d3a8b7f7c206c2a9dfa733, 2.7616334507671434
u:iITj, 5594b03119f7beb09faeab02bda34d19, 5.169488183092615
u:eTja, 2099dab843c707202dd04b1eb3348126, 1.9039055041547341
u:dlzC, f3c7297e32f4bf16d315ea5982e950c2, 0.3237363767427595
u:f9ri, b788f6341ae71b9e2b8132609644b175, 0.6414790430149522
u:iSiZ, c5a5d664ac5b4440b3da8613095dd840, 4.87390746413854
u:iLM7, ac27565a93112c1330ca25bf8a0255aa, 1.2577370946934283
u:g8RW, 8175fa18fce6929c8d75c1bd7cdd6437, 7.124900878741423
u:h2_R, a380b9d0fea5e847ca9435940feb6f21, 3.8872647766911137
u:iJYb, 151bdacf1c5d3f8f5b9e60b6eca8e4db, 1.3236839269619898
u:gZZJ, efc2c65bd3a2ab7e0e2d4db65e290699, 7.636745873296626
u:iHED, b573a2ebb834b1346202143003738756, 5.279884521137541
u:u7r, b8b55f8044c9109cc9c06da459568e7c, 2.9889122221779827
u:i8aq, 46b112cd07fdcc98db8670a5d71c613d, 2.170654441831211
u:fJgN, d7fb40fb9498b0a901f185457def18fe, 2.9953791396959257
u:hxQ2, f0dfe0a3acd6a6a42701c33e93ba29d9, 2.250036040296235
u:iwFx, e03faef7df59e95e2d78e7baf3095ac4, 1.9807159099114284
u:jhr, 0d2e5b33c5e57761872abf97ec9398e3, 7.085925703498276
u:ffIX, a7476505f6fb5051fe12ef6630255d16, 3.522911057852339
u:hdrp, dc1e5b7d01d76c0719ee823c6b9c5b1f, 0.6994091960179548
u:iPZn, 842bf8157c0a8dad3262d43a13c8f089, 3.701169015333268
u:iuXi, 1a913f2ded424985b9c02d0436008511, 1.4712557868637508
u:hIL5, 8cfd5ce084c04df391813f2f983b1b01, 4.476042059459575
u:hhYh, 1c57d56adf7785f7d386c522d8f25270, 2.9280882880525327
u:gsXQ, 6fa3ec8c768011845413d4bc819d5d18, 4.513988675224561
u:iGjy, 698a096a49f8a164caa5dcbfad271fd8, 3.35062941239953
u:g9Ei, cee314fa43551daf3690bb5cdda0bf23, 0.4433974745786442
u:ioCx, 5657475bcd6493a5b51d4e54330261d1, 2.505069157187981
u:iHil, 764e3dc3b4ba7256526f0b66c33d778d, 1.2090528675141536
u:gSXW, b011cfb5fe75c6c239cac9a4d9c3949f, 1.672316855929017
u:iP0T, 3d69e78dafc9bb33f926626a63c580bb, 0.7977740720498325
u:fswS, ddd3e6bfdbd6f6b0affc34b882c93e06, 6.486807440242316
u:henu, 8c8952fbf398f996438f9fd5a27f9d38, 1.327115169493161
u:hStr, a58c618617e9d8a574e44ea5f24f738d, 2.0684145193508368
u:swS, a52bc2771bde31d4d5e80bd29f350714, 4.691019163029286
u:gtAN, 7f2e344b7927040a85b8d0e7c009599b, 3.98816757223159
u:f6NS, b22eb87b4356af2bed8c495d149921d1, 2.5829011809565845
u:fVRZ, b8b55f8044c9109cc9c06da459568e7c, 4.246158871026714
u:i45j, ef1f94c0e977e97bd02772867e9110f1, 2.4967609431847873
u:du-x, f42865f53c4d50746ed9bb08fe1fdfd8, 3.836333152856906
u:idWf, 94ce583e381ddf3a295d51b9578fdfe5, 3.948148171318194
u:iIwG, efc2c65bd3a2ab7e0e2d4db65e290699, 5.723026866482429
u:i-I2, e792a1f3fae0d9cd3aed1456b9aba01d, 
u:hILv, e03faef7df59e95e2d78e7baf3095ac4, 1.8914545496924193
u:h8El, 1bae0c85b056423560ddb9623f23773f, 
u:i4XN, 86584daef5933b284384453795bbf0ed, 2.9979138754498145
u:fNxB, d2c150963a4dce17cf950c928d35ad9f, 6.3873455781161885
u:iBMZ, cee314fa43551daf3690bb5cdda0bf23, 2.8380800776631725
u:iZEY, f644e2ba492883cb5808c939c51c909a, 3.9804000598550444
u:R0r, 5c95651f98dcb44a3bcddb5e8c276aac, 5.188851098720875
u:fGYv, 1bacf218eaaf9f944e525f7be9b31899, 2.61148644068487
u:g5MC, 065dcc8f1aea8654122bef6e29c890f5, 4.47457590289272
u:hISM, 4556e51486a9c3283d4863a13b326f48, 2.6520003311876015
u:hUyl, c00649d7a795a4ad88d646ecab3cc07d, 5.903748495905591
u:iyEn, f254244207240db11107ffbe433d1e0e, 2.441993607774952
u:jf9f, 08dfcd4e6c86bb047be6dc84e77ed664, 2.4770969540577177
u:iWbK, c89921e78c6fb1e5017bc66f3cec0aee, 
u:hX3f, 9c721e2b1d7684f800fd88c1e96aef8c, 1.4716431574357407
u:i1x_, c7f714b305e9a17ce7596cfc62b810c5, 1.185166321288271
u:i8iE, f00cd5d54171096208a6a1e13ab02ab9, 1.559695075868783
u:gtPk, 928787744a962cd4ec55c1b22cedc913, 
u:fRNs, 97410fd61b0182d806c67b43f7fad1ed, 6.1226194812256
u:iogd, afbd69e17e52e35da5626c49ae3ca3ec, 8.273932900651541
u:hDJf, f0018f1d6164d3c67265ca716588f7cb, 0.6380001769593249
u:cdHq, 8eec7a2d53c083e7657ad6d2083e0ad8, 8.143593005421845
u:bEBO, 8e6df998cc5c26b86482a3040a5805e2, 0.8833461538856515
u:hDp4, 65e39bd07057893f74d8db10b367f7aa, 3.642335461838578
u:ivCB, 7872afde4b6afddaad589ab644dd8d48, 1.8862324884754178
u:eSrD, e49d619c03e1983dd66630a73ece38ea, 
u:fHAV, 179dc23eaea411d9839e3ec0ff7dfc15, 0.814233183135016
u:hhbA, a296a278d774a2987ef34a4a463cbce5, 2.301102795542422
u:iWNh, f3c7297e32f4bf16d315ea5982e950c2, 3.206475848003995
u:ihrD, b8b55f8044c9109cc9c06da459568e7c, 1.93603272524816
u:h0Uj, 16f2acaffe30cb9a81f422674d398df4, 0.9338908346242283
u:hl8S, a631b8e67d1dbf4c94cc73644ddf2a56, 5.211684219365537
u:haFo, 65f61449087b9dbb2083da5a93210fd0, 0.6781246891505838
u:bm7i, 0d7ce5a7bec9bfe876a8042abe8a2f7d, 2.7537390840466562
u:iWtl, 2d0937077480a627a3973de2a1e4015a, 1.1567530327128215
u:dyWu, 03a546003e03b545a6d419b6620b3749, 0.599990597475072
u:ihj5, a81f7af9f3fc80526fd782001aa3614e, 2.1194591159405847
u:igvs, 9905be99f2175243f6d835f9160ac9fb, 4.135396045864088
u:jgDY, 767fce885fae7a70ef9eab520d78f1bb, 1.2163032068432675
u:iHDh, 14781b6bcfcfcaaf954edc771d25d8a4, 1.0523095509015485
u:gILw, 582d6a3cf7b7d7d02eeadf9f382bb202, 8.255920160072453
u:cVHO, 5962a9679dc43d7036ae241fd9f56692, 4.895159370163924
u:iTz5, 84920990d78044db53c1b012f5bf9ab5, 2.2803837920074557
u:iqxt, ba0a3f9e43bfc46291ffe54c4ff1aa99, 2.300902344501532
u:g_Jj, b43239f837356c525ca7d743d83fbf57, 2.453481208082046
u:g01a, e7aeec5cc2404402bcded5cfc39e5ed2, 4.21161369003558
u:h2WB, d4bd7c594a6591061547ec939ffa18d1, 3.506278945134273
u:cS-T, 0d9244f805fd55af1281a1bcb1a2cba6, 5.9446832069433
u:hAOp, de64b0a3bb8cb9360e85a1a87d8c3c44, 6.074826502563556
u:h3Sm, 697673b545e387c2b01b113d062bc825, 5.727799880576392
u:cM60, c40c892d01fbeed815dd898094254d2f, 
u:idr4, 2bf969e8c0ed26432ed5fe08e4eafaad, 5.448131986676755
u:gJsY, 41db134d8af1c0610b0d926d8a53d01a, 8.598981055308858
u:ijKj, 603b7cd0d4d54eee91008645adccd258, 5.963049682789629
u:hL-m, f644e2ba492883cb5808c939c51c909a, 2.7369733295087135
u:z73, b23179d4d2325444422b2bfc7f0c1775, 3.6301876494987684
u:hlGi, b2d23288ff0972123a68769dd30727eb, 0.9908278359188164
u:gt-c, 97e922f780d628eac638bea7a02bf496, 5.011182342682151
u:iZEr, 6db9fb52d6b1c4c5be630498cdfcdc9b, 1.2913986800139439
u:fE7P, 2d7715db3b4a525d703dee6e80e38c6a, 3.4206717597105603
u:ihnO, df4c239e57075ba1fe396e239c068811, 
u:Zbn, f3996a785b8d9fe04c44850c79a0a337, 3.086416554253381
u:h1rY, 80765ae2a08ba6812a4ab9df607b97d2, 4.668326603358686
u:h6Nf, d2fd07337d16c1241feef18f2dbc3b07, 2.036938844548483
u:8Ml, 688bd653bbaa40e9a5a66b2b1aa5f7a4, 1.8850412314957277
u:i5gi, 92545dc760008a4cdb29e841e6121952, 6.891732386497452
u:iLC3, 06874871aa89e0d5e6175cfd2c1a35c1, 4.206728919415492
u:iNPS, 1bc30b0015e62fd4b43a3fb59ad0a8ed, 1.9756999848113386
u:goVA, e734350b47fef261a55688a332f94859, 5.107116643728707
u:drdU, ff340c09240b4617358d4dcb2cb46439, 1.598409215744872
u:hHvg, e16c578226476ae646530b6356f9b0ad, 4.074234971023737
u:fPTn, c5d8e931daa3b10d479f41fba0c57404, 
u:i7YH, bf608564b6e7c672a96cd7d1bb1d5f3f, 1.402208432164267
u:gApi, 733404922a439bcf40584b61a027a3f9, 3.4578109440366243
u:hr8a, fbf41b4660c01cda0b83542e6c7a3754, 6.64381484852387
u:f4T-, 08dfcd4e6c86bb047be6dc84e77ed664, 0.3580026376400362
u:iKSN, 495f763ef6027e020c53431484aa5ede, 3.85822910417559
u:iOrV, b974624f112084b39586380fe4aaf32a, 0.604987846816477
u:ipYZ, 60131921811cc603c6020e44443a5a2e, 5.94165092672311
u:iGtf, dadb5aa7b2d284331cf888f00898224f, 1.6277125818729914
u:dEh3, 5de541943c119590cd3b725f0882afeb, 2.102113038618383
u:iyLc, b47c74e1c1cb30670320a9a09419bb61, 1.6104004111698438
u:fT-X, b1c947d2fa7094ad0565a325263ca4ae, 
u:ja0X, 7d5c9c888f97a47883c8c0065efd1cde, 7.110103171855052
u:hsP1, 808d0c8ede6981e3d9a7a87153601e38, 
u:ikoW, a617ed646a251e339738ce62b84e61ce, 
u:fL9k, 7a4e0c5345547c6e790a33b66ed3b820, 4.406107646384406
u:dggy, 87c450efea56f8f35f5ca4e48906a192, 5.499987755340612
u:g40k, f371d52889e421e1444ae508be8e62ee, 5.736872750620703
u:iaV9, d5efc552aaea3109eb5388aa1ec8673d, 5.652045906868245
u:ib-B, aa94db3b587c7027e8505c25f6fc8ed9, 3.236202419156598
u:h57x, dda9b889972c02fa83c00ee3bcd97f1d, 2.3692649858099366
u:ifox, f60ee6b7d89986645bdeb985d1f956cb, 4.6159980484427265
u:605, 2c463db3713709064ef9df5e42f57c21, 4.108992417648477
u:gQne, 667fdc6bb6275508cd6eab426dfc4396, 4.220897862372078
u:i21h, 0d9244f805fd55af1281a1bcb1a2cba6, 0.9495179533152213
u:gESv, 0dcc4c7c9c79430b1bde693c90c8a6b6, 2.2839741066506276
u:c9AB, 4f84917ec8452ad34cf76c7bc101652d, 3.003465869388826
u:gu4F, 3d648b8db8bb6b1bc16c317f592a3ca5, 2.533094044474281
u:iOJ7, 4cf7cc58a60045f4396136f6368d8d41, 1.0255631853284368
u:hdqx, 5789310b7fe0e0960b33a8d1f9e32d42, 3.380230977570045
u:gdTN, e734350b47fef261a55688a332f94859, 2.0012780726044688
u:hAaW, edf5a0ef6c836c4df4f3b3de76ca63ba, 3.3339190222212522
u:g30N, 70e79ed0b304a22a9b51cc3f26c36d73, 1.4375101412209255
u:gm9o, 88bab26fb9946999418b19b66fec2a27, 2.7614261548030328
u:gJ_4, 1a48d99e9b9ca07c8fbc7a16e4285aef, 5.824776924085908
u:ip05, 678bfa5d0ccd050c12395a792abaff12, 2.8254617678344527
u:gC3o, d08cf940a72a6e1df3a6ae6bbd9f100f, 2.740302695933876
u:gG1H, fda174b61b0ed5e2eaa6deceae37f56b, 8.583050632656747
u:gXZK, 8768541c43aa0200e5631c60f8d8a435, 7.7017822366805015
u:i9Za, 4fdaa498ad844fc4c7adf7ddac542751, 1.3241259677784925
u:g2MT, ef1f94c0e977e97bd02772867e9110f1, 1.6068879350214786
u:h3Mq, 0466f54d69e71d498a406cfd76dd2902, 4.220818025678417
u:gkKe, 444d9b791951de06bd1b5662ac8aa643, 1.9431668275777123
u:i1WQ, 1494e77424cccd4252c3865e5d635be7, 6.344065436004099
u:gU7e, 55662831392f8c4c6b5d72edb03a5697, 0.598784220874581
u:fSeb, 4223f27366fc70333225b9e2ec3d2a4c, 3.0670053340919488
u:d8Bv, b506511c51aa39e5e4590e7a150e1f55, 6.727055112630845
u:g3KV, 3629ee563c2d56a4869e100a38014108, 0.4473993007321062
u:i6bU, 8eab218aee7c0dac90f093c855af968a, 0.7358227917226767
u:dmPq, 059792ecc7e7fd5631eb704da89edc61, 
u:eJFF, 142ad0f32d08728de0f9955df5b83f32, 3.5430745117522653
u:fSGx, 967bfdb9d5180c33cfb21dca82034e85, 6.138147092920975
u:ixDv, c2931f12f84e49c84d224cbbdc8a504b, 0.7114373052001676
u:hFxy, 6eee7de1f58d4033e937386469f1a5ab, 2.1921414700435213
u:iGfP, bf608564b6e7c672a96cd7d1bb1d5f3f, 
u:MGA, f0dfe0a3acd6a6a42701c33e93ba29d9, 2.2873901055016277
u:f-Z-, d2526181b8925e173581ed17ec2974c6, 3.3185002810711963
u:fLEg, 0ed4e535d399f10f462b2f1e51b97d3f, 1.1597214354107515
u:hSch, 0c12f245654c58b47faf41e7c2f5963b, 3.162607167178612
u:hsU2, 08dfcd4e6c86bb047be6dc84e77ed664, 5.2467795565293125
u:iMOV, c2931f12f84e49c84d224cbbdc8a504b, 2.587984331412138
u:dtH_, 0a7ad985b6b19b5cfb4723f207220a3d, 2.1755203359005297
u:hQz0, 037515befd981ed34099c6677b2831eb, 2.912495805033911
u:e4kb, c7cdabd85f63506807f8d856897a2089, 0.8184730450932374
u:h0Vq, 4452601308c9aeb4f25f01fb6710ed16, 2.937507633262423
u:cRcY, 165dc4d4b42c9d825cb913541fdd09a7, 3.0319450978848197
u:gPQI, 32366c8041c7f8da8cb1739b6d738ea2, 3.5748130043356316
u:ijb1, b838f789252678299b0413df4b3d0ad9, 1.323320459068786
u:iep5, a631b8e67d1dbf4c94cc73644ddf2a56, 1.4807888234788642
u:BTM, 158491ff8c9c7e3c8d36b78533c08e32, 3.295434378695117
u:gxhe, 65e39bd07057893f74d8db10b367f7aa, 1.970040058212933
u:i2js, 3d65e220a74477fe08facff1a0d9a303, 2.7357533484187315
u:iD2-, f804038329c1d0fe7a0a42c5f38b2081, 7.852273188628756
u:iZiu, cb9b44daeb2fd896731bcdef127db8c3, 3.752168259236288
u:is0k, 40bcbd8339eeae2ed5ee89caf5c517c5, 2.989820903913412
u:hUNI, d5ee6d52760e6e96070c5464cbf45a32, 4.689424769247442
u:iqno, acdfa756d73b89b55e36ef3203f6d2f9, 2.693703053978282
u:jaFy, e296b8e7737593b36ec7583275c790fe, 1.450768039518572
u:iXJa, 1bae0c85b056423560ddb9623f23773f, 
u:hoeF, 1bacf218eaaf9f944e525f7be9b31899, 4.216578947397512
u:i1oZ, 930ddde2032f793642573f03dc198c9c, 3.2662233279632535
u:e_jg, 3d69e78dafc9bb33f926626a63c580bb, 3.183809822664326
u:i5D1, 0a7ad985b6b19b5cfb4723f207220a3d, 6.152232394531161
u:gvwx, c032182c0ffb744c963ec83c937a26f4, 6.352845774970619
u:iUng, f6554eb5c95f946d92b2bea7357e2980, 5.089769805249447
u:hH59, 306560d6f47275980bdfc69f8f338552, 2.1584570230820663
u:h4wK, 74b2ac77cf1b5c548dee1241dd3667b9, 3.6650093464232514
u:ieD9, 0a52088d18aec8e72c64d9b94f778443, 2.2536875500147824
u:gF9u, d08cf940a72a6e1df3a6ae6bbd9f100f, 1.1337890694995199
u:fVt3, a296a278d774a2987ef34a4a463cbce5, 2.5622908309828825
u:ihEV, 51fb73a04c05d6b9cc036aafd897a0ec, 3.7081222260901625
u:i1-1, 35a54c25a2cda8127343f6a82e6f6b7d, 3.4979517457235128
u:jcVo, 1bacf218eaaf9f944e525f7be9b31899, 5.596960327835448
u:g2R-, 407daf9da97cfb4740b459d4bb1cead2, 9.498023481579231
u:cLRN, d42adb3343d855fa2a1e94295a90c6dd, 5.9447756464763435
u:fft-, 2199c2e34a246811ededdd765f1933ce, 4.222143336826888
u:iO8p, 33a7fd42f74b2d2b1110f1b0c8b6db38, 
u:inp9, 31fb31a4af2ad58c03d9b62222734768, 7.542544209609176
u:heBL, dcbb39da34ccc1a64950c405769376b6, 1.9153865643908699
u:ilrY, 099dfb07f4ace185b82838c1fb5781ff, 2.5718485889004135
u:hQGZ, b1d3871dba0a2308fe90d9ca2d20de4c, 4.870221055077316
u:idRl, c7cdabd85f63506807f8d856897a2089, 1.9492592978903767
u:gS33, ccacc503fbab964215a09975ded9052f, 1.9961829062450454
u:gfhl, 35f14d06d95a34607d6abb0e52fc6d2b, 3.079770978046558
u:hKQ_, ba88540d7ce79d5bf8353405fd321f0a, 2.395462202449662
u:fukY, f3996a785b8d9fe04c44850c79a0a337, 2.3950958404272336
u:iFBf, de9ac0fd40e72b12722faf6c89faef22, 5.230214352515293
u:iFPk, 375662ec82debfdebd8215b147848cc7, 0.8754860787982379
u:iU9M, 81fe07635e2aa79cd36709cf1bdd81be, 4.535989879427055
u:iPWK, 5e56b2dcc7cdc8f6cd58854622b45643, 4.378508777502552
u:fPay, 0f74821da4122d27786204db337aa795, 4.529786672245491
u:bN6B, 710b68d3c21cf9ac44218b554a5360dd, 2.04720124887207
u:iz1r, cd6d617c7071b0bb4b0863ab14ff6d80, 1.0962743661176109
u:iZtf, c52ab45d4e22ee7580041911159e3c0c, 5.520635559300382
u:cle9, 827a8ecb89f9b59ac5c29b620a5d3ed6, 
u:gEtm, 65f61449087b9dbb2083da5a93210fd0, 1.3807454774241759
u:hMYA, 58dc623cb7357e51b20768411843bde1, 2.4666076698061854
u:i1wb, 2179fd8c281cec0879b28ef81510bf9d, 5.587315865548273
u:h4Q9, 6cc49d5b8f241ff0b5f3e4278c9e80a0, 2.6476162103224565
u:bLff, 68fde38df89a19739cdd431bb965ff3d, 5.115557989348408
u:iAid, 2cfd02f553e5be68f981a8864f6f8964, 5.860071028482033
u:cifz, cb695e9d5004ede9aab7925bf0fc5de5, 1.0697160824987735
u:eY8y, 45b3b756380a85c42675d5fd64a4e432, 2.4514256669515966
u:eLWd, 310ffb7c85104b11d7c9c13db24759d1, 
u:cTAd, 4e6eee1689a883a483fe26c82d14e8c9, 2.2522618073063008
u:iis9, 65e39bd07057893f74d8db10b367f7aa, 0.8007527764239009
u:iDRp, 547bb1812414cec172b0afef5ca93fce, 2.6606939977091786
u:hot, 4937fee957d27374da32a2c89498b1fc, 7.00374139141423
u:eCJc, 8bd6d060bb604e17c936418f835d87c8, 
u:iZSF, 94ce583e381ddf3a295d51b9578fdfe5, 
u:iG3P, 31e86107dcea77c58fdcb216163080df, 
u:ieWW, fd4fdcf2b405811203e523f09c95a6ce, 2.606172102348547
u:iJCV, 4e2d55b6054492c18e7c6090bf577d6d, 5.995007743131837
u:igob, 7954dec7e1db52c3f3ff744944b673a5, 2.1159629893762855
u:h0as, 0cf63ffe3dda158bc3dbd55682b355ae, 6.244645787497623
u:f-Z-, 4862a6cdadb27edb454e7f62844595eb, 4.3691599177114355
u:gEAj, f371d52889e421e1444ae508be8e62ee, 4.1330385570563495
u:gLn7, 466dbe6ebf09c955f07ce13f004e56ff, 2.4675608872461776
u:gIgH, 527fae6cb0075a56ce0648ceb292bc55, 5.4378455525128935
u:i4rX, 74006bc05725c2d7fa3c04e0785513a7, 1.9583678007764327
u:gmlN, 7444d5431007be3aea7a3af966b40428, 2.6739889055554418
u:h5BM, c89921e78c6fb1e5017bc66f3cec0aee, 
u:iD-X, bb8d16a1da003f3cbc62262b57496bf0, 3.796134520465607
u:iD-v, b573a2ebb834b1346202143003738756, 2.9355048747034687
u:iSrT, e83432c98b3619a933438e9300467491, 1.049860212992649
u:f2jG, 6c4b6cb8dc7b3376d0357fdea4ffa8ff, 7.398276456886726
u:iMp5, bafb877aee1957b5412d184139ae00a9, 2.085691255835979
u:fM8u, faa6fd18132b358958e440322ee82b4b, 7.025804473197335
u:i5c9, b314eb04f77f9a6f277a4f6546d51287, 1.9126968995765192
u:fai2, d94aa893b5c536f2a4664637d9bec191, 3.53803779931446
u:cObm, 139766d14e48fe6a5e9182e27ae7aa0b, 6.5460251693095115
u:fM65, c7f714b305e9a17ce7596cfc62b810c5, 6.982219320297554
u:isYp, 653d29704b56b4a27be6b89f0a64453e, 3.311676640261996
u:hAt-, 12157a474f4722909b9a08dc004b8e2d, 0.9759911795650654
u:iPc-, 23aea42a8b66fbbca4b27c4d93ae385b, 1.6778478825350673
u:iLPP, 961323e510456613053547d6acee68aa, 0.9049070649482452
u:cn0p, 52d4c71b837df8530f66d8c243eb13fc, 9.420720226443139
u:N2m, 698a096a49f8a164caa5dcbfad271fd8, 2.38398009091828
u:im8C, e1cb11fdf2945f82d2b10832bbc6e6dc, 2.5332422333785107
u:hVc7, 7b2e60314cad24be935a55062cb7f65e, 2.641627382805478
u:i7Iy, 827a8ecb89f9b59ac5c29b620a5d3ed6, 
u:goA, 1837362ea5fab46b023c87a9c85b80f9, 4.800436630624398
u:itYg, 6b4ac7ed7cae8cd551c71d1a5b0aedc4, 2.656776680368562
u:iGed, 768f89b2bf27a38b8ae3e9ac849f5576, 1.3582686642294322
u:iQaU, 16f2acaffe30cb9a81f422674d398df4, 4.357068662815172
u:gB-A, 668a0288e4db47a03e78c8d660e2b7ad, 4.564870310773227
u:iDyE, b5703f031d95869a0e1145e2ac6fbc6c, 3.4112365875499786
u:i-2v, d94aa893b5c536f2a4664637d9bec191, 1.4638670188354865
u:imzO, 0bc5f4a19bfb7338b2b821e211ee2dde, 6.459577199752525
u:ja-Q, 65e39bd07057893f74d8db10b367f7aa, 4.662421261218496
u:gd5S, cf21eeedcb9627d0d657b958b45d1e2b, 3.9301416029489697
u:dx2l, 03d7fda701ab630433755ed059a3d723, 2.7290099681606237
u:gLc5, e4a6c5abe9f3911c324195b06bebc3c1, 7.6800482684124765
u:qJD, 154c7f94dd51181786bb8b138547e1ac, 4.469949377739897
u:jfxD, dadb5aa7b2d284331cf888f00898224f, 2.2216001987477023
u:h7m-, fcc4527ba312832af9311118cfc7fa1e, 6.513099404921803
u:gkRW, 78eb0de881ebd07dc1845943bcb9b023, 3.8217181688675605
u:hl6Z, 4fcb6bb8e44d7b618999721071862827, 1.4128493752387474
u:g--x, e284fa5a944ba7b8793e20a26cffc281, 1.8770086309524987
u:iOi-, 653d29704b56b4a27be6b89f0a64453e, 8.009284840567013
u:hZXe, 41ba24ffb11fd09f5fc715d39cc6c1ea, 4.511002169976829
u:df_9, 92a1958cff9926895affe7af378f53fa, 8.173627041412658
u:in3P, 74006bc05725c2d7fa3c04e0785513a7, 1.0823988369846342
u:c4Ke, 2c8795e15c8b0b2a5f050de8612b2e12, 7.048521359903013
u:kBe, bc4cfc44f8c83e308f291d83b95a5771, 3.5843978659520452
u:iq1p, 59d202d136b23e429499a13e70067cc0, 3.051548212404039
u:iM6x, 377699e4304a7c075e5a30cc1630d293, 1.699653115507698
u:i38O, 5594b03119f7beb09faeab02bda34d19, 5.293627404598277
u:ist0, 59d202d136b23e429499a13e70067cc0, 4.6628128748728095
u:gkHE, 5553a0dd1adb8ab01dcff49a7a2190e0, 5.77686858576165
u:iP3U, 733404922a439bcf40584b61a027a3f9, 4.8603849874666984
u:iuO0, 9eaf763f2e18226379e5dbfac1c50376, 3.103947587055945
u:cpk2, 4e6eee1689a883a483fe26c82d14e8c9, 3.6494343695444487
u:iDkW, e7664931db39d9be2d8f6ecd2c0e004e, 5.090874246555936
u:illt, 797df85fa241f274d166630d082e6db3, 3.126214985620298
u:gzqO, 44f26aab67fa8b66afc212eb483c6739, 4.383384340510291
u:hD8p, 5ed55ec92cea6a460d958312209ea9f2, 4.318106251310243
u:AvA, 7a09c4adc45ecc849dd917220c1306bf, 1.270847370793576
u:ijPy, df596181b00bdb1ecec886e881e434a2, 2.753749610982207
u:indB, a3cf16fca592d0c4af6d44b6e3abb11b, 
u:fKC8, 4d2509dacbcc90cddac88cb840fc1dd3, 1.4448646386920245
u:iEQa, 08dfcd4e6c86bb047be6dc84e77ed664, 5.616235494099397
u:hj_H, bd51ddeb540514b183c538b3a79cb7a4, 7.776232365149125
u:f-LA, 827a8ecb89f9b59ac5c29b620a5d3ed6, 
u:e_PW, b493941dee612f9cb734318c210ab257, 1.0215834680027547
u:iUnK, 69939ce6f88c820dfcbeb8ebb1379023, 2.673034268081051
u:ihWU, 3629ee563c2d56a4869e100a38014108, 1.680330166099898
u:gT0, 651e525355a96d12b1789b8c544a7678, 
u:iQI1, ee83763629a0d5a538c07e65bfd65593, 1.6432173594982502
u:hqtH, ede6ab035e42c5f5523c73f955f036ac, 2.745758707425545
u:hWKP, 22e3fc5f089cf47dae927dfddcce2844, 3.432087202375743
u:e1PP, a6f949fa049279ad56980bfe6cf500f4, 1.7480904947719365
u:iT9p, d6e1fec0bdd8524c85b360010522b7ed, 3.203959864456588
u:eKp3, 5c7ea67876ecc95f79b3ceaf699cd7d2, 4.237400204882709
u:hE1f, cdfecc9247566d40bb964a218c54c783, 2.196355954137393
u:gW6o, 6d67c94cb5df94bae1d8f5f101db72a7, 
u:hE7b, bfb6c681b3a663e8586cb4b875e80ea2, 6.403708934153514
u:igAg, 2b0972f94b2b020542e239219cc9f9ff, 3.334315882186418
u:iHcb, 631d297c324518ea97ac01fd2abd6e46, 5.247411996264903
u:i6c4, c9fb923e49d5cba24b5afb9ee1cff2a9, 1.1425571840738482
u:gbKW, ba02d44835763e99e1835dc3cc75f60b, 2.8355584753960503
u:hi0D, 575d2821d7c3fa6d410c0eb2ea878f28, 1.3796026889885566
u:iaJS, 730b0cea8ba72488da248501583b0ea3, 3.839632609126284
u:hQkI, c042776c6e21db7522381dc8a022e74e, 3.9585696414216356
u:hQnI, f21a429c717dd93b9f5723f20d87ab8a, 3.0086714981800537
u:b5GM, 28be98309e892e45c6e4d705938fcf68, 
u:fTmH, dbb39d99d85992665a890faf9954eda2, 3.5905596959165442
u:iPoJ, be2ec2c393a6049b9e1928af32c3cf08, 2.952547372155359
u:iaVd, 25dcc7b3420a56110835a165f02513c9, 1.2646387156822587
u:fv5i, 65e5296142d056fd1403e95fb027f107, 6.729967691156798
u:iI4h, 79bc604cac932a2b9dd8df4ed021892d, 8.21498418502694
u:cLtR, 70330beaf1dc949ce6544eb1c30b757a, 3.7714703951227717
u:i6T6, cc86e49e66863d159c228a7216fc5c1b, 6.201606215309404
u:ibEl, 822ef52ef2cf0f095a65190d10958517, 4.7557227257494885
u:h6-i, 2b97dce464f0a69324ffd2955a7eff1f, 
u:i1T8, 390ca9c2868c14c5616c460e4f31762c, 3.7477646434576095
u:gDjX, 341c91dfabbda45c7323930090c25d52, 3.171779310676148
u:iQv-, 8a983364dfa0384768234c9b8f843a6d, 3.276591036831303
u:hm5q, 97e922f780d628eac638bea7a02bf496, 8.15640480061541
u:hKDH, 7da6a45fb9278755569c759bead84c4d, 0.3308356956195035
u:m7y, 17bff849c2fb6654d3022b0cef3f5b64, 3.58973117268005
u:crke, e16c578226476ae646530b6356f9b0ad, 3.8452281372116066
u:h0dC, 367e6287caf3f06b3b9f0e2a1dd2ec5c, 1.2480137731551753
u:hK_n, 8fd8a3eca8b85ed3418bff774389f1f2, 
u:iYgu, 2a5f9687f146bdb703ab03f7bedf2d3c, 2.4617569857878663
u:Arp, 22eab84cf4ccfcc9142cf1a5aeb1867f, 1.7358535450764063
u:iWDL, 7aa2228c30f03c74ba51ba58a7159782, 1.346323219112117
u:cRHd, 109cddf825db4d8e0d00d19b2c3cb1b3, 4.987583868070156
u:d255, c52ab45d4e22ee7580041911159e3c0c, 1.684483575272282
u:iGSM, 81d3f527c32966c66d91396f06430cf8, 3.745408408377551
u:i_gu, 967bfdb9d5180c33cfb21dca82034e85, 0.494383072909002
u:gsXn, 4ab26c0dbe3d26747e4a00b228001ce0, 5.820150108700153
u:gRaS, 5187edd4b17d4b010cc27f94d1d82b47, 5.416970901453336
u:gL1x, a2f363f17e86b56e2d51f5c15c4b886b, 
u:isRl, 7dfd7086f3671685e2cf1c1da72796d7, 3.7855107536938464
u:t3r, c1c9deb2ebe11a0ee05ba3f8aac5c17e, 4.061496602403455
u:h-lv, 17bbece268a95c1fbf901788c16f43bf, 1.1667695803233769
u:Gi_, 1f9f7fe66104f572043d3dd534634334, 4.199547422829957
u:i0ct, 827a8ecb89f9b59ac5c29b620a5d3ed6, 
u:fWfY, d7d669520d89eac36cf587ccae7681a8, 2.7720643611913234
u:jcxa, 5cd2980e6883c8c03e38cfd7405a681b, 1.638586990253611
u:hh5f, bce6c6ffece32f2c9553528a6d10d06c, 1.8940435025026192
u:ifM9, a94a938b71c9bd3352c0811cb5f94d72, 
u:iBWz, c7cdabd85f63506807f8d856897a2089, 0.42021659992249827
u:iutM, 605a1c36da2cf22706eaad95b0b7eeee, 2.648030487762235
u:gVoj, dda027f2a23ac4b34effe710858ff724, 5.445378230526081
u:il05, b314eb04f77f9a6f277a4f6546d51287, 4.311030908059356
u:iHxj, b1fa821800397fc725c5d29e1a950dfd, 5.507194057885089
u:iJv8, b968b069e4e2c04848e9f8924e34c031, 2.734684536008737
u:fA4A, 6d6841b5a0ea88d87c2a7b6eee95ab48, 
u:i2Gu, 74b2ac77cf1b5c548dee1241dd3667b9, 0.7890798806690434
u:JZo, f6961332f09e344a1aaf88703eb3096a, 5.6930449565670465
u:i2Zo, 16f2acaffe30cb9a81f422674d398df4, 1.2735875362334506
u:gH06, cf42e5d33bdbdfe5a870aa328bad5e22, 4.294697351241997
u:gbiM, 7ca59979d0c746c63d39ab85db3ef306, 4.758718872931897
u:h8Ta, b968b069e4e2c04848e9f8924e34c031, 2.926460105491873
u:hgeK, 1e1f8d730c4ba99ad2873a7608324cf6, 6.107058715220551
u:eKGD, bf1a0991fde06d4d50de759624aa28be, 
u:h1kX, 960198d7136e70bb8208ef567dc66743, 1.268251233243259
u:i_NH, 389d16a7713404bf18de999b57a54eae, 1.921098664076593
u:fhP_, 68f3511800709e4fdc798b2afcc227cd, 2.563430461195565
u:B70, 300af9de3ca46c837e194f0f83ac3885, 5.016338996421549
u:iNPd, 6b945b144608aa4e5b254baf20e2be77, 2.7955150628548293
u:g7Z0, ff5d64dc9c3944ecc01653ca661888df, 0.33423126321573476
u:icIp, 0e9f09196d4abc6a5ae82dd6d8772c95, 3.688082578914043
u:jarx, 7c5f7481bd058705944beb130edc5882, 5.544874860710715
u:e06F, 7ac56359d01420803f98c9c80ef266e8, 4.211416467961139
u:iJoh, 5fbb4578c6e08d3122b2321720d682d7, 2.9273562048292687
u:g1Y8, b43239f837356c525ca7d743d83fbf57, 5.498074574377545
u:fYfK, 4fdaa498ad844fc4c7adf7ddac542751, 1.6102289900108797
u:vHK, 6d6841b5a0ea88d87c2a7b6eee95ab48, 
u:dLU0, 827a8ecb89f9b59ac5c29b620a5d3ed6, 
u:fIOn, 8cb617be9fdd00afacece5e116621006, 3.1370661032698965
u:h94D, b1d3c09c2fbf94a1bfa279ea186b9a12, 2.14162272692377
u:gUxP, 56d40fb7b9c3644375aad62b1c725f2c, 6.222839951667983
u:fv8Z, b493941dee612f9cb734318c210ab257, 7.285640764147569
u:dDcp, b9c32895e281d9bb82c033e4cf0a078a, 1.120309471717666
u:jaPo, 14781b6bcfcfcaaf954edc771d25d8a4, 4.65414077879537
u:h1_w, 7d5c9c888f97a47883c8c0065efd1cde, 1.3846420643458157
u:d3Ha, 827a8ecb89f9b59ac5c29b620a5d3ed6, 
u:h0x5, fbe67675995a14ca58c2add83bfeb82e, 6.101426183784439
u:iTBK, 726f389db907347cd76ced1015c337c1, 2.3897512910691705
u:iE3o, 59c0b5acd6bc34ced372852c86fff52b, 3.061614598062644
u:hvAy, f19bad09b7354d4cf02403544519d849, 2.6706773102102264
u:gWAz, dd7cbaa0be9b2284da42b71bb7c47c0d, 8.467743792575394
u:hPAC, 1cd97e3ca798b64b751e358fdb0b1030, 1.920641950938279
u:iJen, 3d69e78dafc9bb33f926626a63c580bb, 5.656845511878083
u:hjl2, 68e328506cbc66fa56e2dc4328ba8789, 9.390471399432249
u:dhxb, 7d481c3b4f96a3a05ab7795a82124d2e, 1.1087788533105323
u:ia1X, edc4b14bab3ceef1d638ad779721f984, 6.003039222435714
u:i1hC, 65e39bd07057893f74d8db10b367f7aa, 3.1229694356534647
u:eVRq, 66c11e49dde905787ba0b8c8b7f85115, 2.1856133399979503
u:i9OI, e83432c98b3619a933438e9300467491, 3.5450407838484645
u:iEMF, 321a2b03427b8baa0f58c2dd0a22723c, 2.724074252633485
u:ts7, 55c1a67b846dfc181607afc72a8319d4, 
u:iH0T, cdfecc9247566d40bb964a218c54c783, 
u:gZbS, 2bf969e8c0ed26432ed5fe08e4eafaad, 4.062230587479093
u:dT6L, 8b938fbf0a8c2b5b6da9b7d61019fa2e, 4.917972810840185
u:iN7K, 8b6401409f89715543edb1e0c707c162, 
u:dc-r, 0cd82646c611fbd2bc0e6a0e9f2ad218, 1.3548715592777503
u:ihu1, fc37775015029e1d39f073eda2852b82, 0.917564725940799
u:dz5r, 5481f195e13174e3487e4390cf6259f8, 1.1015384014784306
u:iHh3, 28de9c918b4093df7f88896e37213b27, 2.970927824514562
u:dNOP, ec3bf0aff1f9c75a64d44ac1f13289f0, 2.9437817122226884
u:ga2R, dd34978165d17f7e729a2ef331a7600d, 7.043355689719789
u:gonq, 658242fffdcec0d483e6d846ead4506c, 3.9762731952807138
u:ixzY, e83432c98b3619a933438e9300467491, 3.404218269361547
u:i6HR, 74b2ac77cf1b5c548dee1241dd3667b9, 4.0950130557348245
u:Gl0, 134d40daf8d6dd001ffe2b3113868c93, 1.2350997359765177
u:gzBd, dbfcff53f62c7064cd3af7e2838936f1, 4.320667648627563
u:EBK, 59102881589724d433351061c804d3cd, 4.07142985160292
u:iNfs, fda174b61b0ed5e2eaa6deceae37f56b, 4.553869990506518
u:hJnc, a6d1be753de87a9ad446c29d4dc217b5, 3.056022309735401
u:hVVR, 3e9be7ef8bbcf40e1bb3ae3a443d989b, 5.3605681726316545
u:itmc, a9d9e40ec966f6bf6a78080d8d1947ac, 5.255143352317948
u:iJi4, 021ba9ac4658d331dba26050448b4f34, 3.220565577751718
u:eR70, e5eb6ee7cc4684582cd2bfb48ee8e23f, 3.0092492157598985
u:bbEJ, 751870fa2768a6ee46e433d2b2852ce8, 0.9127352357380568
u:g8bA, 3381865bed47a3bd9fcfb725efe8ab5c, 4.854643346639836
u:dhJS, 50b13a1ad5b08a2839578f5ac0cc5b9f, 6.11328998526196
u:i1Wg, 96e400fdbb0c09c224142b771abf2cbd, 2.7782611659994783
u:hjsQ, f8fdb9076b95ddccaccdbad286b0b558, 3.5208630378537245
u:SHz, 5b39549a1e9bedb73fa6ec8d57fdf05e, 5.501411789967364
u:iRox, 3101845e143b1e9250ef997187a2c79a, 4.877557845525118
u:iphb, 81895adaf136a8e29a4e661724ccf9e8, 1.3393660365203228
u:jbPE, 12157a474f4722909b9a08dc004b8e2d, 3.785272186116165
u:iDVc, a9aad0b998c44a4f6ed4b9295084dd57, 3.188760125956501
u:heul, 928787744a962cd4ec55c1b22cedc913, 
u:q7T, b77ab67cbe0cd5b103bae870365329f6, 1.874505463410781
u:ijzh, 0b1edc026029c010555cfc22f54ee25f, 4.341787861028472
u:jazt, 958e352cb64f78feed5afb5b95657dbe, 3.625822193861284
u:bmrS, 165dc4d4b42c9d825cb913541fdd09a7, 3.9451689159298717
u:i0zu, 6717aa032ad1b26e65cbbab25da5d308, 0.7870213872157421
u:gGLM, 1bae0c85b056423560ddb9623f23773f, 
u:gys5, 37c2cf9dc926fcfb48440a4e4e6b6812, 
u:gQ51, 25dc66f6fbee40cf12aa94b1bc9398d1, 2.56581942074012
u:it3j, e4a6c5abe9f3911c324195b06bebc3c1, 3.458004704847117
u:iigG, d7d669520d89eac36cf587ccae7681a8, 2.7226248822293027
u:hNoI, b77ab67cbe0cd5b103bae870365329f6, 1.9144313322352409
u:iS-i, ee83763629a0d5a538c07e65bfd65593, 1.1613079932788881
u:g6q0, f19bad09b7354d4cf02403544519d849, 5.465810390454032
u:h6ET, 7504fc17a5a2fcc8b71c426f52eff5ff, 1.5180817741864856
u:K2o, 341c91dfabbda45c7323930090c25d52, 6.446640516236033
u:hTNr, c3c416ec9a16d9ec6f7b96236c5b49e2, 6.41362330354327
u:bP4a, 495f763ef6027e020c53431484aa5ede, 2.1508822317442045
u:ibly, 928b0f7cd8a4786049c8736662197744, 5.094991466973228
u:dTXm, e09b138d58a98c83f120ffbc898ce818, 2.6898927533206267
u:gEfK, 7d4f55ded50c82e0ec73d889e3a9efd8, 8.421775293980133
u:eAHV, 2199c2e34a246811ededdd765f1933ce, 1.7560359315534726
u:iOV-, c0a645ef0812cf50c9807987c45e2701, 3.578208170727571
u:dkM1, bcec23e952412fc27085a6af6289f821, 5.734414267841743
u:gRKc, d0705eafec00822b93bf9cc9a9189bba, 4.546214266071677
u:iAan, da95631a0adf347cb57054f2b49533f8, 0.4909113156793026
u:iI5g, 40bcbd8339eeae2ed5ee89caf5c517c5, 3.1772429280883294
u:hOCq, 841b06c7071b815dc0b23517ff200496, 2.028133861604664
u:ilfl, bc77537cb121e6e22bd91949fbecc4c4, 3.6056170579595
u:fysM, 668a0288e4db47a03e78c8d660e2b7ad, 4.57863330892119
u:cO13, aa94db3b587c7027e8505c25f6fc8ed9, 3.4519354702396425
u:i_RS, a6834806c43ea1be9eb3e4fdae6f98db, 0.7285796426681428
u:i9U9, d78b69f130faff0f7a51d4d2266c4b7a, 8.160785892144022
u:gFz, 0f4f9c3846cfb1c25afb44d5e46642b8, 1.5909178512006217
u:in8N, cb9b44daeb2fd896731bcdef127db8c3, 1.8287725066850817
u:iN1x, 389d16a7713404bf18de999b57a54eae, 8.017218894427172
u:gQIt, 0675fd378e3251994addd1184a560eec, 2.1929272289202784
u:hyay, 107cc07081fadc4035141c3bb5f43d88, 5.814372191524458
u:fB_6, a18e94e6d95abfb6d23e941ef0132505, 0.37525103579412833
u:iCJC, 87c450efea56f8f35f5ca4e48906a192, 2.662597308264489
u:iSSZ, fda174b61b0ed5e2eaa6deceae37f56b, 1.909363786112616
u:hMxZ, 61c2f4dd9c024c9d99910ba2b04590b1, 1.0731875447838972
u:cBSq, 2c370f156deb55e34cde0fe1f51f826a, 4.569565836930384
u:hT5w, 06285f8d7cb2f4bfb718799477942b99, 2.301860486159064
u:h6rG, 97e922f780d628eac638bea7a02bf496, 6.998824385029192
u:iTuf, eac0a6e012ae1793120d137c1d0b6596, 3.3994866866882676
u:ircY, d64b11ab44cc6fa1b32ce3d4998bd5af, 2.823773156634061
u:h07V, ef1f94c0e977e97bd02772867e9110f1, 2.5983259842415607
u:iKNE, 7dc4a803d5fc1c35fd2f12269b54e908, 1.781070354019742
u:hzaA, 15f962d0625bff96e695a60fba7e2721, 9.634276768418067
u:iS0V, 1f52d650da1ee41e47ee11caf853e6f4, 6.398603746397715
u:eS3F, 8d14467f25ee2fe7f87946abc1fb3df6, 3.187592207686983
u:hEDB, 7e91b175e5c1142d358e5fb91281a448, 2.7229280744870556
u:gaQx, f3c7297e32f4bf16d315ea5982e950c2, 3.4090910050313754
u:h4cW, 306fcf04f2bb44ed74798ae3007a3f60, 5.848850071973241
u:drL1, 791999e58f17fdd40d6ee18425a8d25f, 2.9742817951790284
u:iFVr, 65e39bd07057893f74d8db10b367f7aa, 4.783198572294203
u:ivYW, 48f7b9ca4acd0a19ac0ff5ccd8cbd65a, 3.847000981929527
u:fruF, a40346b97944ca3665966b2f7c716089, 4.127667240396657
u:iTMj, 9cbe4ff448a888bb327e212e6bb89b72, 4.652399819057705
u:igFE, 8e6df998cc5c26b86482a3040a5805e2, 1.0827874317943207
u:d10z, 16849f7c84450e13d864046c2c8e0640, 5.421753649801406
u:eigx, 33edaaffdad5491d67ed5ade87394b40, 2.522463105605611
u:hFbX, f00cd5d54171096208a6a1e13ab02ab9, 6.260648915352522
u:fCXF, ab94aae2b451eece63b55c712145ad61, 3.4138302716191586
u:eEKV, 08dfcd4e6c86bb047be6dc84e77ed664, 1.7642854385520828
u:hvGp, fae0c7ea7a27e80f43b341f52bfc3cd1, 1.2765906378161542
u:hxJr, de64b0a3bb8cb9360e85a1a87d8c3c44, 4.101013411474557
u:h579, 2199c2e34a246811ededdd765f1933ce, 5.438936603271071
u:iSK5, ee83763629a0d5a538c07e65bfd65593, 1.217656959091352
u:iL9x, e16c578226476ae646530b6356f9b0ad, 8.034276741765654
u:fihM, db39f8fc3c7ad9cfbdd37439fdf83168, 3.929363372001835
u:hJAc, bb7ca1ff45b2ac26c875c4e764b48935, 4.088478666728953
u:iQfE, 4556e51486a9c3283d4863a13b326f48, 4.294402087241469
u:fowg, ca886bc339ea78c58abea6250665ad49, 7.169292114030994
u:g_co, 7daf4f95633cad04d50425db7cbc6326, 4.914298401060396
u:cYPO, 958e352cb64f78feed5afb5b95657dbe, 1.9202657596960468
u:iJS4, 22e3fc5f089cf47dae927dfddcce2844, 2.9377622437009667
u:iXoo, 653d29704b56b4a27be6b89f0a64453e, 4.367883883810377
u:hY0p, 25872fc2e77acd9d05a1f1281e4b88ee, 1.996227004817245
u:f3QQ, 11a42adad4515ac47c5e4708d1c26bb7, 6.466036634701142
u:gTxg, 75ca7cee2c7d8e7f51480e17139ad0f3, 3.7908979756263745
u:hKDr, 4a441926f8eaa322e2b9949a40b94ccf, 1.3064187044756215
u:fddg, 928787744a962cd4ec55c1b22cedc913, 
u:hSTd, 92545dc760008a4cdb29e841e6121952, 2.705765955100544
u:ispC, f644e2ba492883cb5808c939c51c909a, 1.469822609015146
u:eS3F, 861e17979b07a89a4eb23a81c0d29ed6, 3.042337217885068
u:h3R5, 6f9902a2e4d1f353aecc47843c9df6e7, 4.203261597429937
u:gmjw, cfd0209136e56af5674beb77f8d26755, 7.1470055239723145
u:dXsb, 2d7715db3b4a525d703dee6e80e38c6a, 1.2731174071501241
u:iOek, a52bc2771bde31d4d5e80bd29f350714, 2.649389878017175
u:hPeK, 8eb7f75896f6990366d6c8876c0b1987, 8.214445260472505
u:i2oP, 6467457ef675ada64c360e7d17642aaf, 9.764552843285111
u:fJPW, e2b48e264e46d96e88977bbdebbe9432, 6.850041318489102
u:dZdP, 3ab110813111153c812b0413194ff50c, 3.018193796991653
u:hn4W, 145db07b1be00fbaee544744c67a4701, 
u:eoxa, bc2f9e0970ba02e471db084eff55b5cd, 5.434027866493121
u:iKte, b314eb04f77f9a6f277a4f6546d51287, 5.09179830154872
u:hZjU, 460557b60caed60924e0191342faced6, 
u:i7hP, 5fa72aeafbde5b346681886abbabf3f3, 1.5103809186423385
u:i_HJ, 958e352cb64f78feed5afb5b95657dbe, 2.9869461407096054
u:uGl, 87c450efea56f8f35f5ca4e48906a192, 0.4388180381212348
u:f7mV, cfb86260a1c58618c1741a5e3caa316b, 1.3634537887688964
u:iq61, 6b1758597a104fab874420e950bfbad3, 2.7158441081835303
u:c699, 1f52d650da1ee41e47ee11caf853e6f4, 8.188853526410758
u:iNYD, 8eec7a2d53c083e7657ad6d2083e0ad8, 5.878429310723647
u:hWs1, 3afc6d812aa6ea3a4220d10f86a705c9, 1.52373308980198
u:iGfo, faa6fd18132b358958e440322ee82b4b, 4.172456083740563
u:iPEw, b974624f112084b39586380fe4aaf32a, 4.6986985336498925
u:gjya, f060918652df299a3aae400cca597b5d, 3.490057043491456
u:gi52, 0e3303d571a42799644a2369e5117735, 1.2720796665498564
u:iQPD, 65e39bd07057893f74d8db10b367f7aa, 1.8603092274334545
u:fU6Y, 1972b3570ac0b8b2689ba27bef76e819, 1.540041460286162
u:ii5P, 0d9244f805fd55af1281a1bcb1a2cba6, 9.330661538711801
u:iG5V, 4406f1c64403562eb84df43d2aff4a4a, 8.301292988493577
u:hgoF, cc996312cd47e305f8b9058d3afc958c, 6.159971893426474
u:h8Np, 547bb1812414cec172b0afef5ca93fce, 1.823743674180763
u:ibSO, f0afde011fdbd05f904638cd2776d722, 0.7955622720438279
u:i1lE, d08cf940a72a6e1df3a6ae6bbd9f100f, 1.51882970296493
u:iMMm, c89df1e3370573e88df637fe3eedc15d, 1.6075211193185863
u:hn-Y, 9cfb037fb5bf9051645e9c7d5d336c73, 3.0450159505131063
u:daD7, 33fead6e037d756872320b88174166d3, 5.885870905722404
u:iRk3, 23b995a641775627bb73d7959c8cb54e, 2.726592329234466
u:bKWi, 84d1525ced1b7226ebdae73da9269b25, 2.4141100084377185
u:hnn8, c3c416ec9a16d9ec6f7b96236c5b49e2, 3.690217111169557
u:hAfh, 61cb6ea259584128835bd14edd8d6de3, 3.558136239024038
u:hgy_, 0bd5d9cd7baaaf384b5344e27d15cecd, 3.675020251621472
u:giew, 54ed4cf41cbbae2ce97ddda174b5be84, 4.064415202010876
u:hJTA, 2b28e6b398b36d4f7f6ef0b7da31fd5c, 3.7777052927557784
u:hm9G, 7c428c5a2e91c43a7cba5d11fb7d7c87, 5.466259931257843
u:sR0, cf1858f99b3f31b59ecc1020e3dbc9b7, 0.995792909647096
u:fOCs, cea25080ac57e5c12f7e0676f70a54df, 0.31996860919591125
u:g6Bl, 0d9244f805fd55af1281a1bcb1a2cba6, 9.603572982167407
u:il0k, 8e6df998cc5c26b86482a3040a5805e2, 6.884690815347854
u:d4OR, 0fadc49b26181061ec3c810ad3002f6b, 
u:iKFT, 4b3df2ebedd7644b3150c27e42487633, 2.532906188470668
u:iwT7, 8f39c1217e8e40a60baac6a5a5a1348a, 
u:g5V3, 16f2acaffe30cb9a81f422674d398df4, 2.6139974775339754
u:jap2, 60ca04f13f84bd807301e4407f7b6f18, 5.5243333882908585
u:iJVS, 20dde14c9907e353804d0de13f198543, 8.399396691089047
u:hooI, f0f2727a8c1b436349fa2f07bc698945, 0.927940675191981
u:ioE6, f3996a785b8d9fe04c44850c79a0a337, 0.5058419387140614
u:h_Li, 3e799dfe21b2ef7136996b40826a00b4, 2.8908821703915213
u:cIG9, 6cccf8c1e2cf55255a1c30cda9da9cef, 0.925704177140459
u:gJYQ, 575d2821d7c3fa6d410c0eb2ea878f28, 2.327628671735461
u:g2ih, a6f949fa049279ad56980bfe6cf500f4, 7.7906406723430806
u:hFKf, a89c81adea41dab4e9587bb884e2f3d3, 2.677186398355528
u:fcwJ, 1fc2f0656f2fe60d027751545f84e7d5, 3.754963016337629
u:il-I, 7bd184d1bb2f5efeecdf412f54026cea, 4.733255885276211
u:e1-4, cf27a39ca3fcc861581ba158307d9b1a, 3.4397893474316126
u:i53t, bae1d9927dc8b6f7b0d0a85263d4b74f, 3.2292824214030023
u:bgm, 03aaf61ae9dca70070214f3c390ebd7e, 7.545901745883276
u:iBxe, 97e922f780d628eac638bea7a02bf496, 2.2735636978715874
u:g_OL, 5fc16736d9679de18b8293507d707bb1, 3.44445949859202
u:dZX8, 9c2869c9ee9e46c450ad325ba3048261, 2.070789415144355
u:e8mn, 3c3ef61b68615d9b1fd2d24e6f18fba8, 1.5326040232540055
